{
    "total_input_mm": 1754.2474110321268,
    "total_output_mm": 3865.689697265625,
    "total_residual_mm": -2111.442042092873,
    "residual_pct": -120.36170205037315,
    "mean_daily_error_pct": -567145013.3186347,
    "max_daily_error_pct": 1383878326.4160156,
    "tolerance_pct": 5.0,
    "components": {
        "evapotranspiration_mm": 2409.43505859375,
        "evapotranspiration_pct": 137.34864554687516,
        "runoff_mm": 1456.783447265625,
        "runoff_pct": 83.04321489113748,
        "storage_change_mm": -0.5289456844329834,
        "storage_change_pct": -0.03015228531087149
    },
    "pass_validation": false,
    "validation_note": "Using journal standard tolerance (5%) for physics-informed models"
}