{
    "total_input_mm": 3498.051739803064,
    "total_output_mm": 3981.06689453125,
    "total_residual_mm": -483.0151547281862,
    "residual_pct": -13.80811922339889,
    "mean_daily_error_pct": -140981647.6980028,
    "max_daily_error_pct": 911676979.0649414,
    "tolerance_pct": 5.0,
    "components": {
        "evapotranspiration_mm": 3645.01904296875,
        "evapotranspiration_pct": 104.20140449877853,
        "runoff_mm": 335.7876281738281,
        "runoff_pct": 9.599275629717603,
        "storage_change_mm": 0.26030850410461426,
        "storage_change_pct": 0.0074415281267185985
    },
    "pass_validation": false,
    "validation_note": "Using journal standard tolerance (5%) for physics-informed models"
}